label,id,Alpha,Beta,Gamma,Delta,Epsilon,Zeta,Eta,Theta,Iota,Kappa,Lambda,omikron
0,1484006679,523,,2,500000,2,5,-1,70,5,350020,1,0.02857142857
0,1489825072,2092,1250,3,137000,2,8,5,90,5,72000,1,0.03333333333
0,1489815797,2092,1244,3,107000,2,8,5,112,5,60017,3.16227766,0.02678571429
0,1489759034,2092,1364,3,194000,2,8,5,110,5,151004,223.6067977,0.02727272727
0,1486529479,3661,1289,3,305000,1,11,5,110,5,60033,236.6431913,0.02727272727
1,1487734487,3661,1382,3,115000,2,11,5,100,5,60058,1,0.03
0,2959839,2092,1314.5,1,177000,2,8,-1,112,5,60000,200,0.008928571429
0,1344505,3661,1346,1,112000,2,11,5,85,5,60064,200,0.01176470588
0,1492583828,2092,1287.5,1,110000,2,8,5,89,5,72049,190.9345438,0.01123595506
0,2233421,3661,1295,1,116000,2,11,9,108,4,151300,1,0.009259259259
1,1380863,3661,1245.5,3,81000,2,11,5,103,5,60014,1,0.02912621359
0,1489556097,2092,,2,65000,2,8,5,112,4,60015,191.8801709,0.01785714286
0,1488153346,3661,1230.5,3,114000,2,11,5,112,4,72000,254.9509757,0.02678571429
0,1754831,3661,1245.5,3,110000,2,11,5,100,4,71000,1,0.03
0,1487513371,3661,,2,75000,2,11,9,111,4,151009,173.2050808,0.01801801802
1,2288700,3661,1214,3,58000,2,11,5,110,4,151300,158.113883,0.02727272727
0,1491238211,2092,1223,3,77000,2,8,9,111,5,72000,1,0.02702702703
0,1486478281,3661,1335.5,3,126000,2,11,5,83,5,60051,1,0.03614457831
0,1491407016,2092,1224.5,3,59000,2,8,5,80,3,60044,200,0.0375
0,1487368310,3661,,2,117000,2,11,-1,87,3,332720,1,0.02298850575
0,1490731425,2092,1257.5,3,88000,2,8,5,101,3,60018,200,0.0297029703
1,2200031,3661,,2,70000,2,11,9,110,4,151304,187.0828693,0.01818181818
0,1414253,3661,1308.5,1,110000,2,11,5,108,4,60004,1,0.009259259259
0,2540609,2092,,2,98000,1,8,5,109,4,72050,181.1435895,0.01834862385
0,1491045291,2092,1272.5,3,170000,2,8,5,110,4,60019,1,0.02727272727
0,1488099180,3661,1419.5,1,89000,2,11,5,110,3,350060,337.106808,0.009090909091
0,1486412243,3661,1328,3,163000,2,11,9,79,5,60062,1,0.03797468354
0,3711485,2092,1257.5,3,81000,2,8,8,107,4,72001,1,0.02803738318
0,1485069594,2615,1265,3,135000,2,15,5,100,5,151300,231.721816,0.03
1,1484853301,2615,,2,44000,2,15,5,111,5,151300,169.6113204,0.01801801802
1,1484231876,2615,1322,3,30000,2,15,5,91,5,60047,164.3167673,0.03296703297
1,1487183552,3661,1262,3,151000,2,11,5,114,4,510102,251.968252,0.02631578947
0,1484944938,2615,1191.5,3,53000,2,15,5,114,4,72000,187.0828693,0.02631578947
0,1491490120,2615,1257.5,3,35000,2,15,5,100,5,60036,200,0.03
1,1484705643,2615,1223,3,50000,2,15,5,89,3,151300,1,0.03370786517
0,1488158911,3661,1239.5,1,78000,2,11,-1,97,3,371301,200,0.01030927835
0,1488659019,3661,1250,3,60000,2,11,5,114,4,72001,707.1067812,0.02631578947
0,1486167754,2615,1289,1,173000,2,15,5,112,3,350702,200,0.008928571429
1,1485989303,2615,1289,1,35000,2,15,5,76,5,60063,1,0.01315789474
0,1484347999,2615,1304,3,390000,2,15,5,91,5,60050,1,0.03296703297
0,1488028690,3661,1323.5,1,117000,2,11,9,112,4,550001,230.2172887,0.008928571429
0,1486255310,3661,1289,1,139000,2,11,-1,114,4,450033,214.4761059,0.008771929825
0,1489550532,2092,1406,1,208000,2,8,-1,112,5,340001,223.6067977,0.008928571429
0,1491730899,2092,1278.5,3,97000,2,8,5,100,3,72015,223.6067977,0.03
0,353935,2615,1269.5,1,180000,1,15,5,90,3,151009,173.2050808,0.01111111111
0,1454692,3661,1262,3,106000,2,11,9,109,4,450002,173.2050808,0.02752293578
0,1490391960,2092,1214,3,63000,2,8,-1,85,3,330014,1,0.03529411765
1,1492359373,2092,1272.5,1,141000,2,8,5,110,3,151300,1,0.009090909091
0,2322832,3661,,2,106000,2,11,-1,90,5,60033,1,0.02222222222
0,1486376256,3661,1419.5,3,61000,2,11,5,80,5,151300,200.4594722,0.0375
0,1286629,3661,1277,3,243000,2,11,5,83,5,60087,1,0.03614457831
1,1488804451,3661,1304,1,113000,2,11,9,112,4,350078,264.5751311,0.008928571429
0,1490863501,2092,1305.5,1,118000,2,8,9,112,4,151300,223.6067977,0.008928571429
0,1193137,3661,1280,1,93000,2,11,-1,110,4,550000,181.6590212,0.009090909091
0,1486142897,2615,1187,3,102000,2,15,5,113,4,450081,197.4841766,0.02654867257
0,1490253206,2092,1331,3,341000,2,8,9,114,5,72001,345.7383404,0.02631578947
0,1486569176,3661,1278.5,3,114000,2,11,9,112,1,60010,200,0.02678571429
0,2124718,3661,1253,3,72000,2,11,9,112,3,330008,165.9759019,0.02678571429
0,1489066748,3661,1275.5,3,136000,2,11,5,113,4,151304,1,0.02654867257
0,1485183120,2615,1272.5,3,108000,2,15,5,113,4,450015,200,0.02654867257
0,1489267459,3661,1308.5,1,442000,2,11,9,106,4,151011,1,0.009433962264
0,1492568246,2092,1232,3,100000,2,8,5,95,3,350012,200,0.03157894737
0,1487964507,3661,1286,1,86000,2,11,-1,95,5,72000,1,0.01052631579
0,1488426402,3661,1214,3,81000,2,11,9,114,4,450012,204.9390153,0.02631578947
0,1489360580,3661,1292,1,132000,2,11,5,64,3,60018,187.0828693,0.015625
0,1487601298,3661,1272.5,1,229000,2,11,-1,112,3,450000,173.2050808,0.008928571429
0,1486293152,3661,1223,3,63000,2,11,5,113,4,151300,1,0.02654867257
0,1301840,3661,1292,3,163000,2,11,5,109,5,60016,187.0828693,0.02752293578
1,1490297726,2092,,2,94000,2,8,-1,109,5,340006,200,0.01834862385
0,1487335291,3661,1358,3,500000,2,11,2,112,5,510000,316.227766,0.02678571429
0,1491029338,2092,1241,3,52000,2,8,5,110,4,151011,1,0.02727272727
0,1490892068,2092,1352,3,75000,2,8,9,105,5,151300,200,0.02857142857
0,1485005411,2615,1215.5,3,94000,2,15,-1,86,5,550088,223.6067977,0.03488372093
0,1484562066,2615,1304,3,150000,2,15,5,105,5,550107,264.5751311,0.02857142857
0,1491227081,2092,1250,3,95000,2,8,9,111,4,60047,1,0.02702702703
1,3289287,2092,1334,3,35000,2,8,5,77,3,151000,1,0.03896103896
0,1489955293,2092,1214,3,81000,2,8,5,111,1,60043,202.4845673,0.02702702703
0,1491311298,2092,1280,3,96000,2,8,9,112,4,60062,1,0.02678571429
0,1492725179,2092,1356.5,1,136000,2,8,5,74,3,72000,1,0.01351351351
0,1492012117,2092,1253,1,468000,2,8,5,81,5,60016,204.9390153,0.01234567901
0,1486938321,3661,1362.5,3,83000,2,11,9,100,4,151300,174.2067737,0.03
0,1486081311,2615,1236.5,1,52000,2,15,5,112,4,550009,172.6151789,0.008928571429
0,1491150284,2092,1400,3,383000,1,8,5,100,5,60024,212.1320344,0.03
0,1485248045,2615,1211,3,97000,2,15,5,86,5,151300,1,0.03488372093
1,1490536279,2092,1320.5,1,128000,2,8,-1,112,5,341774,206.4291646,0.008928571429
0,911548,2615,1241,3,60000,2,15,5,90,5,60000,200,0.03333333333
0,1459886,3661,1278.5,1,105000,2,11,-1,112,4,450002,158.113883,0.008928571429
0,772423,2615,1248.5,1,286000,2,15,-1,112,4,450094,173.2050808,0.008928571429
1,946051,2615,1371.5,3,83000,2,15,5,95,3,350704,165.6653253,0.03157894737
0,1488328087,3661,,3,156000,2,11,5,84,5,450069,165.8312395,0.03571428571
0,1487218797,3661,1328,1,105000,2,11,-1,109,4,60095,200,0.009174311927
0,1490594897,2092,1356.5,3,143000,2,8,5,107,5,60054,158.113883,0.02803738318
0,1492015827,2092,,2,57000,2,8,5,107,5,151300,194.9358869,0.01869158879
0,1492031038,2092,1214,3,82000,1,8,5,100,5,60019,167.3320053,0.03
0,2007111,3661,1232,1,96000,2,11,9,88,5,151300,233.520877,0.01136363636
0,1286258,3661,,3,100000,2,11,-1,110,5,450002,167.3320053,0.02727272727
0,877045,2615,1257.5,3,35000,2,15,-1,89,5,60005,1,0.03370786517
0,1488123295,3661,1257.5,3,95000,1,11,4,111,4,450015,244.9489743,0.02702702703
0,1484257846,2615,1341.5,3,66000,2,15,4,73,5,450083,181.6590212,0.04109589041
0,1488524717,3661,,2,90000,2,11,2,114,4,151300,173.2050808,0.01754385965
0,1492106351,2092,1250,3,103000,2,8,9,104,5,60071,207.3644135,0.02884615385
0,1490180490,2092,1166,3,176000,2,8,5,87,5,60094,1,0.03448275862
0,1485517762,2615,1319,3,15000,2,15,5,114,3,450069,158.113883,0.02631578947
0,1484591004,2615,1338.5,3,107000,2,15,5,113,4,72000,1,0.02654867257
0,1484871480,2615,1310,3,325000,2,15,5,83,3,71000,1,0.03614457831
1,1488354057,3661,1239.5,3,79000,2,11,8,111,5,71003,1,0.02702702703
0,1489843993,2092,1287.5,3,206000,2,8,9,102,3,72000,202.4845673,0.02941176471
0,1487748585,3661,1284.5,3,144000,2,11,4,96,3,71002,1,0.03125
0,1490498066,2092,1275.5,3,136000,2,8,5,113,4,60000,1,0.02654867257
1,3371649,2092,,2,66000,2,8,9,113,4,72002,162.4499923,0.01769911504
1,1490671694,2092,,2,446000,2,8,-1,90,5,60014,1,0.02222222222
0,1808255,3661,1322,1,141000,2,11,5,84,3,60004,1,0.0119047619
0,343547,2615,,2,89000,2,15,2,87,3,60036,171.9098601,0.02298850575
0,1865389,3661,1214,3,58000,2,11,5,112,3,450080,145.6021978,0.02678571429
0,1489086782,3661,1230.5,3,69000,1,11,9,72,5,151300,187.0828693,0.04166666667
0,1491926045,2092,,2,86000,2,8,5,114,5,151300,169.1123887,0.01754385965
0,1487569021,3661,1298,1,71000,2,11,-1,113,4,72000,1,0.008849557522
1,1484983893,2615,1316,3,48000,2,15,5,114,4,450033,297.5281499,0.02631578947
1,754244,2615,1245.5,3,81000,2,15,5,80,5,60004,1,0.0375
1,1554862,3661,1214,3,51000,2,11,9,111,5,72000,1,0.02702702703
0,1489565372,2092,1328,3,148000,2,8,2,110,5,60064,1,0.02727272727
0,2597001,2092,1260.5,3,143000,2,8,9,110,4,60016,202.4845673,0.02727272727
0,2460102,2092,1214,3,99000,2,8,5,112,4,72000,200,0.02678571429
0,2477168,2092,1244,3,119000,2,8,9,100,3,60067,1,0.03
0,2328768,3661,1329.5,1,115000,2,11,-1,86,3,341349,141.4213562,0.01162790698
0,1490852000,2092,1275.5,3,284000,2,8,5,107,5,60000,1,0.02803738318
0,3462173,2092,1304,1,35000,2,8,5,105,3,340019,181.6590212,0.009523809524
1,1491279763,2092,1179.5,3,49000,1,8,5,105,5,60032,173.2050808,0.02857142857
1,1484425538,2615,,2,45000,2,15,9,113,4,72000,118.6844556,0.01769911504
0,1484541661,2615,1292,3,172000,2,15,8,113,5,350092,223.6067977,0.02654867257
0,1486576596,3661,1364,3,106000,2,11,5,86,3,510003,187.0828693,0.03488372093
0,1486924223,3661,1281.5,1,304000,2,11,-1,111,4,450001,244.9489743,0.009009009009
0,1489305672,3661,1340,1,80000,2,11,5,110,4,71002,162.4869226,0.009090909091
0,1490981479,2092,1200.5,3,69000,2,8,5,104,5,60064,1,0.02884615385
0,1486066842,2615,1236.5,1,104000,2,15,3,112,3,550016,200,0.008928571429
0,1486991745,3661,1283,3,146000,2,11,5,110,4,151300,241.5491668,0.02727272727
0,1487550100,3661,1365.5,1,150000,2,12,-1,110,5,350012,1,0.009090909091
1,1488031658,3661,1344.5,3,137000,2,11,5,101,5,72000,1,0.0297029703
0,1488684989,3661,,2,72000,2,11,5,109,3,60019,169.4845126,0.01834862385
0,1484940857,2615,1305.5,3,130000,2,15,5,100,5,60016,1,0.03
0,1485517391,2615,1362.5,1,114000,2,15,-1,112,4,361005,1,0.008928571429
0,1486755047,3661,1350.5,3,176000,2,11,9,102,3,151004,1,0.02941176471
0,1486566208,3661,1362.5,1,150000,2,11,-1,90,5,350020,316.227766,0.01111111111
1,1490784107,2092,1251.5,3,51000,2,8,-1,74,5,60041,1,0.04054054054
0,1489251135,3661,1214,3,58000,2,11,9,103,4,60091,1,0.02912621359
0,2634843,2092,1287.5,3,107000,2,8,9,114,4,60043,200,0.02631578947
0,1490521439,2092,1338.5,3,165000,2,8,5,111,5,151300,288.0972058,0.02702702703
0,949761,2615,1229,3,50000,2,15,9,110,5,450071,200,0.02727272727
0,1485407204,2615,1250,3,93000,2,15,7,111,5,350062,244.9489743,0.02702702703
0,1490432028,2092,1214,3,81000,2,8,9,101,4,60040,1,0.0297029703
0,1491576563,2092,1301,3,144000,2,8,9,113,4,60001,212.1320344,0.02654867257
0,2937950,2092,1230.5,3,85000,2,8,5,86,5,72000,1,0.03488372093
0,1486057938,2615,1248.5,1,81000,2,15,9,79,3,450033,187.0828693,0.01265822785
0,1491270859,2092,1287.5,1,112000,2,8,5,90,3,330015,1,0.01111111111
0,1491641117,2092,1314.5,3,89000,2,8,5,111,4,151009,1,0.02702702703
0,2240099,3661,1203.5,3,71000,2,11,5,110,3,151300,200,0.02727272727
0,1484533499,2615,1215.5,3,100000,2,15,5,110,5,450015,258.0852572,0.02727272727
0,2563982,2092,1343,3,110000,2,8,2,105,5,60043,1,0.02857142857
0,1492177212,2092,1292,3,187000,2,8,-1,114,4,60019,273.0347963,0.02631578947
0,1485371959,2615,1305.5,3,72000,2,15,5,100,5,151300,1,0.03
0,1484888917,2615,1205,3,94000,2,15,5,103,1,60000,1,0.02912621359
0,1488224207,3661,1307,1,80000,2,11,5,95,5,60026,1,0.01052631579
0,1492217651,2092,1305.5,1,129000,2,8,5,81,5,60014,1,0.01234567901
0,1486571402,3661,1248.5,3,146000,2,11,10,105,5,350704,339.9441131,0.02857142857
0,1491601049,2092,,2,113000,2,8,9,93,5,72001,211.8419222,0.02150537634
0,1485826434,2615,,3,50000,2,15,9,110,5,450080,194.9358869,0.02727272727
0,2484588,2092,1163,3,42000,2,8,10,113,4,151300,1,0.02654867257
0,1486437471,3661,1223,3,68000,1,11,5,84,5,60014,158.113883,0.03571428571
1,1491143235,2092,1187,3,100000,2,8,5,102,3,60017,547.7225575,0.02941176471
0,2071294,3661,1223,3,72000,2,11,-1,114,5,151300,167.3320053,0.02631578947
0,1055125,3661,1191.5,3,70000,2,11,9,107,5,450032,192.3538406,0.02803738318
0,1484802474,2615,1371.5,3,82000,2,15,5,115,5,151300,1,0.02608695652
0,1810481,3661,1371.5,3,121000,2,11,9,85,3,60004,1,0.03529411765
0,1491196659,2092,1346,1,102000,2,8,-1,100,5,60095,200,0.01
0,1490148213,2092,1311.5,3,150000,2,8,9,83,5,60052,1,0.03614457831
0,1046221,3661,1245.5,3,68000,2,11,5,111,4,60091,200,0.02702702703
0,1485584171,2615,1278.5,1,98000,2,15,-1,82,5,450033,173.2050808,0.01219512195
0,3382408,2092,1338.5,1,150000,2,8,5,110,5,60029,316.227766,0.009090909091
0,127625,2615,1320.5,3,130000,2,15,5,85,5,60047,212.1320344,0.03529411765
1,3061122,2092,1238,3,75000,2,8,5,104,4,72001,1,0.02884615385
1,2284990,3661,1239.5,1,238000,2,11,5,110,4,60014,200,0.009090909091
0,1486111362,2615,1241,3,66000,2,15,9,115,3,350077,174.3444866,0.02608695652
1,1484148772,2615,1322,3,195000,2,15,5,90,3,60033,240.8318916,0.03333333333
0,1284774,3661,1320.5,3,108000,2,11,5,110,4,510068,248.997992,0.02727272727
0,1485810110,2615,,3,71000,2,15,-1,90,4,450000,158.113883,0.03333333333
0,1491487152,2092,1242.5,3,70000,1,8,5,103,3,60040,181.6590212,0.02912621359
0,138013,2615,1332.5,3,325000,2,15,5,103,5,151009,200,0.02912621359
0,1485296275,2615,,2,35000,2,16,-1,113,4,527000,163.4258242,0.01769911504
1,1491928642,2092,1332.5,1,106000,2,8,5,100,3,60033,1,0.01
0,2153656,3661,1347.5,1,392000,2,11,4,114,4,60018,1,0.008771929825
0,1490862759,2092,1302.5,3,410000,2,8,9,84,5,60018,1,0.03571428571
0,1489688544,2092,1250,1,87000,2,8,5,105,5,60069,212.1320344,0.009523809524
0,1486067584,2615,,2,50000,2,15,5,108,4,450000,169,0.01851851852
0,1490066964,2092,,2,90000,2,8,5,79,5,72001,173.2050808,0.0253164557
0,1487109352,3661,1278.5,1,88000,2,11,-1,89,5,60001,1,0.01123595506
0,1488449404,3661,1298,1,100000,2,11,9,112,4,552104,178.8854382,0.008928571429
0,2267182,3661,,2,255000,2,11,5,99,3,60058,223.6067977,0.0202020202
0,1487547132,3661,1377.5,3,500000,2,11,2,89,5,350052,387.2983346,0.03370786517
0,1486587355,3661,1223,3,81000,2,11,5,114,4,151300,194.9358869,0.02631578947
0,2656361,2092,1304,1,257000,2,8,5,75,5,72000,212.1320344,0.01333333333
0,257104,2615,1314.5,3,117000,2,15,5,109,5,60018,200,0.02752293578
1,1492275156,2092,1257.5,3,105000,2,8,5,73,3,151009,1,0.04109589041
0,313496,2615,1230.5,3,78000,2,15,5,85,5,72000,232.3790008,0.03529411765
0,1492509628,2092,1320.5,1,138000,2,8,9,108,3,60000,212.407627,0.009259259259
0,1488431967,3661,1340,1,99000,2,11,-1,85,5,350069,181.1077028,0.01176470588
0,1490522552,2092,1293.5,1,114000,2,8,5,111,4,72001,1,0.009009009009
0,1489639943,2092,1266.5,3,207000,2,9,5,100,1,71002,316.227766,0.03
0,1485319277,2615,1256,3,128000,2,15,5,114,4,510065,167.3320053,0.02631578947
0,2326542,3661,1274,1,120000,2,11,5,84,5,151300,1,0.0119047619
0,1486400000,3661,1251.5,3,240000,2,11,5,85,3,151300,194.9358869,0.03529411765
0,1487297449,3661,1277,1,150000,2,11,5,95,5,60015,1,0.01052631579
1,1053270,3661,1230.5,3,72000,2,11,5,85,5,60069,1,0.03529411765
0,1490183087,2092,1322,3,199000,2,8,5,111,4,72000,1,0.02702702703
0,1348586,3661,1262,1,104000,2,11,8,107,4,60045,1,0.009345794393
1,1490145987,2092,1253,3,84000,2,8,5,107,4,72001,173.2050808,0.02803738318
0,2342124,3661,1262,1,94000,2,11,5,89,3,60018,187.0828693,0.01123595506
1,1486353625,3661,,2,50000,2,11,5,112,5,72000,181.5543996,0.01785714286
0,1363426,3661,1290.5,3,116000,2,11,5,85,5,151300,223.6067977,0.03529411765
0,1491290893,2092,1239.5,3,68000,2,8,5,84,5,60052,1,0.03571428571
0,1492721098,2092,1256,1,68000,2,8,5,105,3,350058,163.86885,0.009523809524
0,2953903,2092,1235,3,84000,2,8,5,82,5,60044,1,0.03658536585
0,1485378637,2615,1322,3,195000,2,15,9,95,5,60000,200,0.03157894737
1,1491780613,2092,1325,1,126000,2,8,9,106,5,71003,1,0.009433962264
1,1485722554,2615,1250,3,50000,2,15,5,84,5,350702,200,0.03571428571
0,1484891885,2615,1223,3,56000,2,15,5,112,4,151300,212.1320344,0.02678571429
0,1491221516,2092,1332.5,3,153000,2,8,5,112,4,72001,1,0.02678571429
0,2572144,2092,1269.5,3,162000,2,8,9,81,5,60019,1,0.03703703704
1,1489638459,2092,1305.5,3,130000,2,8,5,112,5,361047,1,0.02678571429
1,1484880384,2615,1347.5,3,150000,2,15,5,110,5,72000,538.5387637,0.02727272727
0,1484575793,2615,1257.5,3,91000,2,15,5,94,5,60043,200,0.03191489362
0,1484938260,2615,1290.5,1,106000,2,15,-1,112,3,450019,204.9390153,0.008928571429
0,1484884465,2615,1292,3,130000,2,15,2,111,4,71000,173.2050808,0.02702702703
0,1848694,3661,1308.5,3,194000,2,11,5,105,4,60051,223.6067977,0.02857142857
0,2106168,3661,1278.5,3,131000,2,11,5,110,3,60001,1,0.02727272727
0,1491459698,2092,1328,3,123000,1,8,5,99,3,151009,173.2050808,0.0303030303
0,1365652,3661,1298,1,114000,2,11,5,103,3,60014,173.2050808,0.009708737864
0,1491782468,2092,1260.5,3,110000,2,8,5,109,4,151300,1,0.02752293578
0,1528150,3661,1250,3,82000,2,11,5,105,5,72000,1,0.02857142857
1,3390570,2092,1256,1,120000,2,8,5,99,4,151000,173.2050808,0.0101010101
0,898192,2615,1278.5,3,35000,2,15,5,80,5,60005,1,0.0375
0,1489027051,3661,1233.5,3,78000,2,11,5,105,3,60036,1,0.02857142857
0,3425073,2092,1271,3,120000,2,8,5,89,3,60001,200,0.03370786517
0,3245138,2092,1292,3,195000,2,8,5,112,4,151300,1,0.02678571429
1,1491168834,2092,1287.5,3,120000,2,8,9,114,5,60059,1,0.02631578947
0,1489745678,2092,,2,90000,2,8,5,113,4,151307,189.5837546,0.01769911504
1,1487239573,3661,,2,93000,2,11,5,108,5,60000,189.2247341,0.01851851852
0,1489011098,3661,1362.5,3,93000,2,11,5,115,4,151300,1,0.02608695652
1,1484350225,2615,1299.5,3,30000,2,15,5,95,5,71000,200,0.03157894737
1,1491763918,2092,1241,3,68000,2,8,5,102,4,60020,173.2050808,0.02941176471
0,1206864,3661,1320.5,1,140000,2,11,-1,108,4,550039,189.7366596,0.009259259259
0,1414995,3661,1256,3,130000,1,11,9,105,5,60058,187.0828693,0.02857142857
0,1492116368,2092,1277,3,100000,2,8,5,100,5,60000,223.6067977,0.03
0,1490992609,2092,1320.5,1,122000,2,8,5,103,5,60046,1,0.009708737864
0,1488510248,3661,1244,3,59000,2,11,5,79,3,60040,173.2050808,0.03797468354
0,1486615180,3661,1325,1,195000,2,11,5,109,5,350703,221.3594362,0.009174311927
0,1487757489,3661,1259,3,74000,2,11,5,95,5,60036,207.3185954,0.03157894737
0,1491928271,2092,,2,81000,2,8,5,110,3,72014,163.5267562,0.01818181818
0,3636172,2092,1341.5,1,91000,1,8,5,100,4,151300,173.6605885,0.01
0,1492496272,2092,1314.5,1,89000,2,8,-1,100,5,60017,1,0.01
0,1487556036,3661,1289,1,97000,2,11,9,110,3,72008,200,0.009090909091
0,1714392,3661,1275.5,3,122000,2,11,9,108,4,60018,1,0.02777777778
0,1122276,3661,1203.5,3,76000,2,11,5,78,5,60005,173.2050808,0.03846153846
1,1487595362,3661,1365.5,1,130000,2,11,-1,100,3,341439,173.2050808,0.01
0,3596104,2092,1257.5,1,91000,2,8,5,90,3,72000,1,0.01111111111
0,632556,2615,1455.5,3,35000,2,15,5,92,5,60058,1,0.03260869565
0,1485235802,2615,1239.5,3,68000,2,15,5,100,5,60054,223.6067977,0.03
0,1486444520,3661,1325,1,80000,2,12,-1,82,3,60026,1,0.01219512195
0,3041088,2092,1313,3,338000,2,8,5,90,5,60004,1,0.03333333333
0,3566795,2092,,2,70000,2,8,5,90,3,72000,186.1451047,0.02222222222
0,2755789,2092,1415,3,93000,2,8,5,113,4,151300,273.8612788,0.02654867257
0,586552,2615,1223,3,54000,2,15,-1,112,4,450018,169.7056275,0.02678571429
0,1489700787,2092,1223,3,63000,2,8,5,91,5,60095,228.035085,0.03296703297
0,1487797186,3661,1287.5,3,144000,2,11,5,114,4,72000,221.3594362,0.02631578947
0,1485304808,2615,1257.5,3,95000,2,15,5,93,5,60036,1,0.03225806452
1,1512197,3661,1326.5,3,208000,2,11,5,105,4,510070,279.6640842,0.02857142857
0,1490423866,2092,1290.5,3,130000,2,8,9,114,4,60053,1,0.02631578947
0,1491744997,2092,,2,46000,2,8,5,114,4,60000,173.7843491,0.01754385965
0,1484012615,523,1217,2,300000,2,4,-1,79,5,550007,1,0.0253164557
0,2334333,3661,1350.5,1,235000,2,11,5,113,3,350704,360.5551275,0.008849557522
0,1492861707,3661,1322,3,68000,2,11,5,86,3,72015,1,0.03488372093
1,1490455772,2092,1310,3,88000,2,8,5,100,5,60005,1,0.03
0,1490105177,2092,1278.5,3,186000,2,8,5,100,5,72000,173.2050808,0.03
0,3730406,2092,1314.5,1,53000,2,8,5,103,5,151300,187.5393292,0.009708737864
0,765374,2615,,2,35000,2,16,-1,93,5,335534,105.9008971,0.02150537634
0,1490673178,2092,1313,3,98000,1,8,9,103,5,151300,173.2050808,0.02912621359
0,1491433357,2092,,2,105000,1,8,5,99,5,151300,186.7136846,0.0202020202
0,3514855,2092,1343,1,128000,2,8,-1,107,5,361022,1,0.009345794393
1,1491701219,2092,1223,3,73000,2,8,9,105,3,151300,1,0.02857142857
1,1491759466,2092,1281.5,3,95000,1,8,5,93,5,60047,173.2050808,0.03225806452
0,1489027422,3661,1230.5,1,129000,2,11,5,88,3,60043,1,0.01136363636
0,1488940237,3661,,3,35000,2,12,-1,86,3,650070,161.8548733,0.03488372093
0,1491711236,2092,,2,45000,2,8,9,114,4,60064,173.2050808,0.01754385965
0,1489248538,3661,1328,1,189000,2,11,9,85,5,60019,1,0.01176470588
0,2586613,2092,,2,49000,2,8,-1,113,4,72001,180.7235458,0.01769911504
0,1485803061,2615,1229,3,46000,2,15,-1,111,4,450071,187.0828693,0.02702702703
0,1486129170,2615,1269.5,1,114000,2,15,5,83,3,450058,141.4213562,0.01204819277
0,2578822,2092,1238,3,125000,2,8,9,85,5,60002,1,0.03529411765
1,1491251938,2092,1256,3,180000,2,8,5,105,5,60018,1,0.02857142857
0,1487980089,3661,1215.5,3,35000,2,11,9,113,4,60038,1,0.02654867257
0,3327129,2092,,2,38000,2,8,5,114,3,60014,159.066024,0.01754385965
0,3745246,3661,1350.5,1,137000,2,11,5,100,3,60048,178.8854382,0.01
0,348370,2615,,2,114000,2,15,5,110,4,72049,195.6910831,0.01818181818
1,1668759,3661,,2,89000,2,11,9,80,5,72001,243.1666095,0.025
0,1484829557,2615,1232,3,89000,2,15,9,112,4,72000,200,0.02678571429
0,324997,2615,1310,3,270000,2,15,5,115,4,60019,299.9533297,0.02608695652
1,1491720140,2092,,2,50000,2,8,5,87,5,60033,167.934511,0.02298850575
0,1486418179,3661,1259,3,147000,2,11,9,110,5,350029,421.0700654,0.02727272727
0,1485737023,2615,1413.5,1,204000,2,15,9,107,5,350002,200,0.009345794393
0,2758386,2092,1277,1,162000,2,8,5,85,5,151304,212.1320344,0.01176470588
0,3043685,2092,1298,1,124000,2,8,5,89,3,151009,200,0.01123595506
0,1003556,3661,1266.5,3,227000,2,11,9,112,4,151300,254.9509757,0.02678571429
0,685609,2615,1250,3,79000,2,15,5,110,4,72001,1,0.02727272727
0,2585500,2092,,2,54000,2,8,5,89,5,72016,189.7366596,0.02247191011
0,1490431286,2092,,2,130000,2,8,5,73,5,60024,207.8605302,0.02739726027
1,1487011037,3661,1239.5,3,73000,2,11,5,87,3,60090,223.6067977,0.03448275862
0,1490434625,2092,1290.5,3,140000,2,8,9,101,5,60063,1,0.0297029703
0,545000,2615,,3,94000,2,15,5,113,4,60057,193.6362569,0.02654867257
0,1491321315,2092,1287.5,3,127000,2,8,5,111,3,60059,200,0.02702702703
0,1490929539,2092,,2,58000,2,8,5,100,5,151300,196.2141687,0.02
1,1491126911,2092,1214,3,56000,2,8,5,109,3,151300,200,0.02752293578
1,1487428412,3661,1365.5,3,152000,1,11,5,84,5,60006,173.2050808,0.03571428571
0,3746359,3661,1302.5,1,105000,2,11,5,95,3,60000,1,0.01052631579
0,1114,523,1391,1,1200000,2,5,-1,64,5,361026,1,0.015625
0,1490229833,2092,1262,3,185000,2,8,5,105,5,151300,173.2050808,0.02857142857
0,1484116866,2615,1316,3,500000,2,15,5,104,5,72000,316.227766,0.02884615385
0,1491705300,2092,1278.5,3,115000,2,8,5,99,3,72000,173.2050808,0.0303030303
0,1484787263,2615,,3,154000,2,15,5,110,5,60036,212.1320344,0.02727272727
0,2884526,2092,,2,105000,2,8,9,110,5,72000,187.0561413,0.01818181818
0,1484025971,1046,1407.5,1,153000,2,3,9,112,5,151309,1,0.008928571429
0,2718318,2092,1214,3,118000,2,8,5,110,4,71000,223.6067977,0.02727272727
0,1489659235,2092,1268,1,118000,2,8,-1,95,3,330006,1,0.01052631579
0,1490534424,2092,1271,3,118000,1,8,5,80,5,60017,282.8427125,0.0375
0,1484391777,2615,1338.5,3,30000,2,15,5,110,4,71000,223.6067977,0.02727272727
0,1485372701,2615,1262,3,93000,2,15,9,86,5,151300,204.9390153,0.03488372093
0,1486416695,3661,1170.5,3,71000,2,11,5,111,4,151307,200,0.02702702703
0,3344566,2092,1271,3,99000,2,8,5,114,4,151300,232.8647676,0.02631578947
0,3613912,2092,1296.5,1,127000,2,8,5,107,3,60019,1,0.009345794393
0,2044953,3661,1313,1,113000,2,11,5,107,5,60002,1,0.009345794393
0,1491900817,2092,1386.5,1,87000,2,8,5,105,4,60008,228.5432125,0.009523809524
0,533870,2615,1212.5,3,125000,2,15,10,113,4,550005,187.0828693,0.02654867257
0,1484168064,2615,1307,3,91000,2,15,5,110,5,60023,200,0.02727272727
0,207761,2615,1287.5,3,163000,2,15,5,90,5,72014,200,0.03333333333
1,1487998639,3661,,2,120000,2,11,5,101,5,72000,265.3394053,0.0198019802
1,1114856,3661,,2,97000,2,11,5,76,5,72000,179.0809873,0.02631578947
0,1487069284,3661,1227.5,3,250000,2,11,9,100,5,60054,187.0828693,0.03
1,1486496460,3661,1299.5,3,64000,2,11,5,110,4,510090,178.2414093,0.02727272727
0,1491887461,2092,,2,81000,1,8,9,100,5,72000,200.4120755,0.02
0,2361416,3661,1292,1,130000,2,11,5,108,3,60040,1,0.009259259259
1,1488014221,3661,1241,3,78000,1,11,5,105,5,60074,1,0.02857142857
0,2789179,2092,1380.5,3,270000,2,8,5,64,5,60023,1,0.046875
1,3540454,2092,1328,1,150000,2,8,5,107,3,332414,1,0.009345794393
0,1488400803,3661,1352,1,142000,2,11,9,111,4,60036,1,0.009009009009
0,1486228598,2615,,2,35000,2,15,5,114,4,60069,1,0.01754385965
0,1488245354,3661,1397,1,131000,2,11,5,95,5,60001,1,0.01052631579
0,1490533311,2092,1229,3,62000,2,8,5,84,5,60019,1,0.03571428571
1,1376782,3661,1281.5,1,173000,2,11,-1,106,5,72000,1,0.009433962264
0,1490044704,2092,1293.5,1,458000,2,8,-1,75,5,340017,200,0.01333333333
0,1492261429,2092,1287.5,3,110000,2,8,9,80,5,151300,1,0.0375
0,1485705488,2615,1308.5,3,131000,1,15,5,110,5,72000,1,0.02727272727
0,1487894017,3661,1380.5,3,271000,2,11,9,81,5,60027,300.1299718,0.03703703704
0,1488686844,3661,1298,1,128000,2,11,5,92,5,151300,173.2050808,0.01086956522
0,1491405532,2092,1317.5,3,293000,2,8,5,100,5,60018,1,0.03
0,1489373565,3661,1235,3,56000,2,11,-1,114,4,151300,206.8888591,0.02631578947
0,1492555261,2092,1226,3,73000,1,8,5,104,5,60058,158.113883,0.02884615385
0,1486156624,2615,1361,1,101000,2,15,9,115,3,60052,187.0828693,0.008695652174
0,1485873180,2615,1241,3,62000,2,15,9,95,4,60023,1,0.03157894737
0,1492714049,2092,1308.5,1,123000,2,8,5,84,3,151300,173.2050808,0.0119047619
0,1371217,3661,1268,1,379000,2,11,-1,108,5,151304,389.0372733,0.009259259259
0,1488755850,3661,1263.5,3,35000,2,12,-1,115,4,350012,271.1162112,0.02608695652
0,1487602411,3661,1137.5,3,88000,2,11,-1,107,4,450081,158.113883,0.02803738318
0,1488984015,3661,1289,3,68000,1,11,5,86,3,60016,173.2050808,0.03488372093
1,1485805658,2615,1259,3,94000,2,15,9,105,3,350063,200,0.02857142857
0,1492714791,2092,1230.5,1,71000,2,8,5,100,5,72001,1,0.01
0,412924,2615,1274,3,127000,2,15,9,113,4,72001,212.1320344,0.02654867257
1,1491464150,3661,1245.5,3,65000,1,11,5,109,5,151300,173.2050808,0.02752293578
0,1486944257,3661,1335.5,3,185000,2,11,5,100,5,351106,212.1320344,0.03
0,1490015024,2092,1281.5,3,304000,2,8,5,84,3,60024,1,0.03571428571
0,1490876115,2092,1227.5,3,50000,2,8,5,100,3,60027,173.2050808,0.03
0,1485913990,2615,1302.5,3,211000,2,15,5,87,3,72000,1,0.03448275862
0,2991745,2092,1239.5,3,65000,2,8,5,92,5,151300,200,0.03260869565
0,1486848168,3661,1326.5,3,96000,2,11,5,113,4,591001,1,0.02654867257
0,1176071,3661,1223,3,97000,2,11,5,109,3,450003,187.0828693,0.02752293578
0,2144010,3661,1314.5,1,127000,2,11,9,110,3,60008,1,0.009090909091
0,1491792856,2092,,2,57000,2,8,-1,100,3,72000,194.1829035,0.02
0,2114330,3661,1350.5,1,110000,2,11,-1,108,5,71000,1,0.009259259259
0,1326697,3661,,2,73000,2,11,9,114,4,361000,153.3916556,0.01754385965
0,1488441242,3661,1266.5,3,130000,2,11,9,100,5,60005,173.2050808,0.03
1,1488952851,3661,,3,75000,2,11,9,100,5,450018,353.5533906,0.03
0,1486733158,3661,1280,3,156000,1,11,5,96,5,72000,187.0828693,0.03125
0,1484338724,2615,1209.5,3,35000,2,15,5,78,5,71000,227.015418,0.03846153846
0,1486411501,3661,1290.5,3,116000,1,11,5,109,4,60062,196.4942747,0.02752293578
1,1486553594,3661,1268,3,90000,2,11,5,86,5,71002,1,0.03488372093
0,1487489627,3661,1251.5,3,103000,2,11,9,108,4,60095,234.520788,0.02777777778
0,1486515010,3661,1319,3,88000,2,11,5,114,4,151300,228.4513077,0.02631578947
1,1487500757,3661,1304,3,63000,2,11,5,110,4,60095,223.6067977,0.02727272727
1,903757,2615,1256,3,78000,2,15,-1,111,3,60030,1,0.02702702703
1,1492728889,2092,,2,94000,2,8,-1,113,4,72000,1,0.01769911504
0,1386057,3661,1241,3,63000,2,11,5,107,5,72000,1,0.02803738318
1,1488480197,3661,1295,3,73000,2,11,5,100,5,350076,223.6067977,0.03
0,1484299398,2615,1364,3,134000,2,15,5,83,5,72000,316.227766,0.03614457831
0,1485722925,2615,1316,3,141000,2,15,5,99,4,550004,223.6067977,0.0303030303
0,1492500724,2092,1266.5,1,99000,2,8,5,86,3,72002,1,0.01162790698
0,1484017809,3661,1322,3,133000,2,11,9,99,3,350609,209.8570942,0.0303030303
0,1399413,3661,1266.5,1,111000,2,11,-1,79,5,60026,1,0.01265822785
0,138755,2615,1305.5,3,157000,2,15,9,111,5,71000,249.7999199,0.02702702703
0,1490632739,2092,1425.5,3,146000,2,8,5,113,5,60062,1,0.02654867257
1,1487029587,3661,1256,1,102000,2,11,-1,110,4,450080,178.8854382,0.009090909091
0,1487143484,3661,,2,118000,2,11,9,107,5,72000,187.0828693,0.01869158879
0,1488016818,3661,1286,1,110000,2,11,5,112,5,60033,1,0.008928571429
1,1485280693,2615,1241,3,46000,2,15,5,80,5,350092,175.1570724,0.0375
1,448169,2615,,2,47000,2,15,5,112,4,510037,175.8266191,0.01785714286
0,1486670088,3661,1283,3,67000,2,11,5,114,4,60026,200,0.02631578947
1,1491146945,2092,1304,3,35000,2,8,5,110,4,72000,200,0.02727272727
1,1488000865,3661,1205,3,63000,2,11,5,106,3,151300,1,0.02830188679
0,1490990383,2092,1311.5,3,147000,2,8,5,98,4,72000,187.0828693,0.0306122449
0,1489935259,2092,1328,3,488000,2,8,9,114,4,60057,632.455532,0.02631578947
1,1490869066,2092,1253,3,59000,2,8,-1,110,4,151300,1,0.02727272727
0,2937208,2092,1308.5,3,144000,2,8,5,107,5,60016,1,0.02803738318
0,1490094789,2092,1382,3,76000,2,8,5,100,5,60018,173.2050808,0.03
0,1488869376,3661,1301,1,77000,2,11,5,95,3,450000,173.2050808,0.01052631579
0,1487444736,3661,1259,3,86000,2,11,5,88,5,72000,223.6067977,0.03409090909
0,1486201515,2615,1307,1,39000,2,15,9,114,4,450016,160.4462527,0.008771929825
0,3241428,2092,1379,3,489000,2,8,9,99,5,72001,223.6067977,0.0303030303
0,1157521,3661,1317.5,3,150000,2,11,5,112,5,450042,345.7947368,0.02678571429
0,1486911238,3661,1268,3,101000,2,11,4,108,5,450032,200,0.02777777778
0,1491858523,2092,,2,139000,2,8,5,111,3,60036,1,0.01801801802
0,1491731270,2092,1329.5,1,181000,2,8,5,111,3,340017,223.6067977,0.009009009009
1,1486887494,3661,1250,3,94000,2,11,5,113,4,71000,187.0828693,0.02654867257
0,1491599194,3661,1263.5,3,120000,2,11,9,86,5,151300,1,0.03488372093
0,1492021763,2092,1364,1,200000,2,8,5,90,3,60022,212.1320344,0.01111111111
0,1659484,3661,1370,1,142000,2,11,9,113,4,72014,1,0.008849557522
1,1487437316,3661,1257.5,1,98000,2,11,-1,101,3,60075,1,0.009900990099
0,1489211809,3661,1314.5,1,483000,2,11,9,101,3,151300,282.8427125,0.009900990099
0,1491946821,2092,1320.5,3,164000,1,8,5,105,5,151300,187.0828693,0.02857142857
0,1486894172,3661,1262,3,100000,2,11,5,113,4,450071,210.9573417,0.02654867257
0,1491028225,2092,1233.5,1,190000,1,8,-1,85,3,60064,1,0.01176470588
0,2031597,3661,1320.5,1,102000,2,11,5,110,3,151300,200,0.009090909091
0,2174432,3661,1256,1,126000,2,11,9,102,3,350705,158.113883,0.009803921569
0,1491448197,2092,,2,104000,2,8,5,108,5,151306,185.6744463,0.01851851852
0,1487308579,3661,1314.5,1,150000,1,11,-1,115,5,72000,1,0.008695652174
0,1485192766,2615,1364,3,142000,2,15,5,100,5,60044,1,0.03
1,1491302765,2092,1292,1,115000,2,8,5,114,5,350060,192.3538406,0.008771929825
0,787634,2615,1259,3,80000,2,15,5,112,3,350000,223.6067977,0.02678571429
0,1487189859,3661,1379,3,144000,2,11,5,113,4,151008,200,0.02654867257
0,1974463,3661,1257.5,3,126000,2,11,5,105,3,151300,1,0.02857142857
0,1492514451,2092,1310,1,167000,2,8,9,105,3,151300,320.1202899,0.009523809524
0,1648725,3661,1254.5,3,81000,2,11,5,110,5,60057,200,0.02727272727
0,1473613,3661,1247,3,110000,2,11,5,91,4,60007,1,0.03296703297
0,1872809,3661,1325,1,50000,2,12,-1,105,5,350012,225.2287726,0.009523809524
0,1492389424,2092,,2,39000,2,8,5,113,4,72015,172.4731863,0.01769911504
0,1487445478,3661,1310,1,140000,2,11,5,90,5,60002,200,0.01111111111
0,1486102829,2615,1277,1,101000,2,15,5,111,4,60091,1,0.009009009009
0,1492844641,3661,1268,3,162000,2,11,5,113,4,450081,141.4213562,0.02654867257
0,1487486659,3661,1308.5,3,123000,2,11,5,100,4,60014,200,0.03
1,3068171,2092,,2,44000,2,8,5,89,3,72000,171.0146193,0.02247191011
1,1488365929,3661,1241,3,65000,2,11,9,110,3,151011,1,0.02727272727
0,1484767229,2615,1290.5,3,86000,2,15,5,93,5,60033,1,0.03225806452
0,1489514174,3661,1340,1,296000,2,11,5,110,5,72000,1,0.009090909091
1,3239944,2092,1289,1,143000,2,8,5,70,5,60091,1,0.01428571429
0,1489104590,3661,1248.5,3,76000,2,11,5,95,3,72000,200,0.03157894737
0,1487105642,3661,1278.5,3,71000,2,11,1,111,3,60019,316.227766,0.02702702703
0,1490171586,2092,1239.5,3,103000,2,8,5,103,5,60036,244.9489743,0.02912621359
1,1487171680,3661,1215.5,3,58000,2,11,5,96,5,60033,158.113883,0.03125
0,1487328242,3661,1245.5,3,58000,2,11,5,101,5,60058,200,0.0297029703
0,1220591,3661,,3,203000,2,11,-1,107,4,450012,158.113883,0.02803738318
1,1487435832,3661,1230.5,3,64000,2,11,3,82,5,60058,200,0.03658536585
0,1492308546,2092,,2,105000,2,8,5,109,3,60014,187.0828693,0.01834862385
0,1490762218,2092,1244,3,116000,2,8,5,111,4,60002,1,0.02702702703
0,2172577,3661,1305.5,3,93000,1,11,3,104,3,60032,200,0.02884615385
1,136529,2615,,2,90000,2,15,5,92,5,72014,1,0.02173913043
0,3483320,2092,1245.5,3,50000,2,8,5,88,3,340017,300,0.03409090909
1,1010234,3661,1365.5,3,143000,2,11,5,83,3,60011,202.4845673,0.03614457831
0,1487275560,3661,1244,3,84000,2,11,5,108,4,72000,1,0.02777777778
0,1492718130,2092,1338.5,1,112000,2,8,5,90,3,330008,1,0.01111111111
0,1487070026,3661,1335.5,3,150000,2,11,9,105,5,350050,412.3105626,0.02857142857
0,1488199350,3661,1415,3,155000,2,11,5,107,3,60005,212.1320344,0.02803738318
0,1486483846,3661,1298,3,182000,2,11,5,100,5,60001,244.9489743,0.03
0,1490736248,2092,1338.5,1,107000,2,8,9,82,5,151300,1,0.01219512195
0,1490624577,2092,1317.5,1,183000,2,8,5,90,5,60019,273.8612788,0.01111111111
1,186614,2615,1361,3,30000,1,15,5,110,5,60033,264.5751311,0.02727272727
0,863318,2615,1170.5,3,100000,2,15,5,86,5,350092,200,0.03488372093
0,1488233482,3661,1277,3,98000,2,11,5,92,5,60036,1,0.03260869565
0,1489281928,3661,1287.5,1,152000,2,11,5,108,5,151300,1,0.009259259259
0,1484658526,2615,1404.5,1,150000,2,15,9,100,5,71002,316.227766,0.01
0,1484340950,2615,1296.5,3,148000,2,15,5,100,4,60023,187.0828693,0.03
0,1486932756,3661,,2,69000,1,11,5,106,4,60064,173.2050808,0.01886792453
0,1485055496,2615,1307,3,166000,2,15,5,88,5,60065,235.0829641,0.03409090909
0,1491494201,2092,1298,3,101000,2,8,9,105,3,60052,212.1320344,0.02857142857
0,1071449,3661,1275.5,3,90000,2,11,5,110,4,450015,212.1320344,0.02727272727
0,463009,2615,1241,3,35000,2,15,5,104,5,151300,243.3536521,0.02884615385
0,1489714885,2092,,2,71000,2,8,9,90,5,72015,167.4962686,0.02222222222
0,3317112,2092,1256,3,101000,2,8,9,110,5,60084,1,0.02727272727
0,2190756,3661,1320.5,1,119000,2,11,5,96,3,60043,212.1320344,0.01041666667
0,1484118350,2615,1239.5,3,58000,2,15,5,107,5,60017,1,0.02803738318
1,1238399,3661,1241,3,71000,2,11,-1,80,5,450071,187.0828693,0.0375
0,1490153036,2092,1397,3,191000,2,8,9,114,4,72000,300.4080558,0.02631578947
0,1492654318,2092,1274,1,93000,1,8,5,100,3,60019,173.2050808,0.01
0,2848539,2092,1275.5,3,90000,1,8,5,103,5,72049,173.2050808,0.02912621359
0,1492504063,2092,1298,1,165000,2,8,9,90,3,72000,234.4504212,0.01111111111
0,1492059976,3661,1257.5,1,84000,1,11,5,106,5,71000,173.2050808,0.009433962264
0,1490049156,2092,1311.5,1,169000,2,8,-1,112,5,72000,1,0.008928571429
0,1486449714,3661,1148,3,106000,2,11,5,94,5,450071,212.1320344,0.03191489362
0,1492276640,2092,1242.5,3,158000,2,8,5,113,4,72000,200,0.02654867257
0,1485339682,2615,1212.5,3,67000,2,15,9,110,5,60083,1,0.02727272727
0,2251600,3661,1289,1,144000,2,11,5,100,3,71000,200,0.01
0,1488595578,3661,,2,77000,2,11,9,114,5,510000,159.6997182,0.01754385965
0,1492248815,2092,1265,1,120000,2,8,5,105,3,71000,1,0.009523809524
0,1484553533,2615,,2,62000,1,15,5,111,4,151300,186.8742893,0.01801801802
0,1489292687,3661,1322,1,115000,2,11,5,84,3,60052,1,0.0119047619
1,1484545000,2615,1308.5,3,30000,2,15,5,99,5,60062,1,0.0303030303
0,1489311979,3661,1283,3,90000,2,11,5,85,5,60000,1,0.03529411765
0,1491660038,2092,1293.5,1,149000,2,8,-1,96,3,60023,1,0.01041666667
0,1484967198,2615,1469,3,110000,2,15,5,82,5,350066,223.6067977,0.03658536585
0,1486521688,3661,1328,3,182000,2,11,5,98,5,72001,173.2050808,0.0306122449
0,1841274,3661,1257.5,3,107000,2,11,5,113,4,450071,200,0.02654867257
0,3435832,2092,1266.5,3,101000,2,8,9,101,4,60084,1,0.0297029703
0,1491174770,2092,1257.5,1,110000,2,8,5,89,3,350063,189.7366596,0.01123595506
0,2573999,2092,1322,3,146000,2,8,9,100,5,72000,1,0.03
0,1491854442,2092,1322,1,87000,2,8,5,90,4,151300,1,0.01111111111
0,1488585190,3661,1287.5,1,135000,2,11,5,109,4,72000,1,0.009174311927
0,1484735694,2615,1245.5,3,100000,2,15,2,90,5,60028,204.9390153,0.03333333333
0,1489508238,3661,1376,1,150000,2,11,-1,110,4,60000,219.2487172,0.009090909091
0,1485783769,2615,,2,48000,2,15,5,107,4,450008,178.0056179,0.01869158879
0,1485239141,2615,,3,227000,2,15,-1,110,4,450080,183.0300522,0.02727272727
0,1487232524,3661,1220,3,77000,2,11,5,94,5,72001,1,0.03191489362
0,1492018053,2092,,2,76000,2,8,9,113,4,60091,158.4077018,0.01769911504
0,1484678560,2615,1286,3,92000,1,15,5,81,3,60018,200,0.03703703704
0,1488318070,3661,1266.5,3,89000,2,11,5,89,3,60091,1,0.03370786517
1,1486685670,3661,1305.5,1,87000,2,11,-1,114,4,72000,186.4564292,0.008771929825
0,1485621271,3661,1322,3,195000,1,11,5,104,5,71000,173.2050808,0.02884615385
0,1047705,3661,1262,3,121000,2,11,5,106,5,151300,387.356425,0.02830188679
0,1487352357,3661,1365.5,3,84000,2,11,5,100,3,60023,1,0.03
0,1489859575,2092,1296.5,3,94000,2,8,9,114,4,60058,1,0.02631578947
1,1485315938,2615,,2,43000,2,15,9,111,5,361027,167.7885574,0.01801801802
0,1487475900,3661,1308.5,3,143000,2,11,5,100,3,151009,173.2050808,0.03
0,1803803,3661,1296.5,3,136000,2,11,5,115,4,71002,220.2271555,0.02608695652
0,1488961755,3661,1214,3,58000,2,11,5,112,4,71006,1,0.02678571429
0,1490571524,2092,,2,259000,1,8,5,110,4,72000,200,0.01818181818
0,1489802812,2092,1349,3,139000,2,8,5,109,5,151304,212.1320344,0.02752293578
0,1490021331,2092,1310,3,129000,1,8,5,100,5,151300,181.6590212,0.03
0,2141413,3661,1305.5,1,136000,2,11,-1,105,4,60061,1,0.009523809524
0,825105,2615,1311.5,1,91000,1,15,7,113,4,151306,1,0.008849557522
0,1797867,3661,1329.5,1,150000,2,11,-1,86,5,60036,1,0.01162790698
1,2561385,2092,1242.5,3,56000,2,8,-1,85,5,330007,1,0.03529411765
0,1489532353,2092,1386.5,3,296000,2,9,5,109,5,151300,223.6067977,0.02752293578
0,1486729077,3661,1352,3,71000,2,11,5,104,5,60093,1,0.02884615385
0,1484555388,2615,1221.5,3,97000,2,15,9,109,4,72001,263.3097036,0.02752293578
0,1488342185,3661,1314.5,1,127000,2,11,-1,109,3,340012,500,0.009174311927
0,1491368061,2092,1305.5,1,123000,2,8,5,106,3,330008,1,0.009433962264
0,1484971650,2615,1269.5,3,124000,2,15,5,112,4,60033,204.9390153,0.02678571429
0,1490036542,2092,1304,3,129000,2,8,5,111,4,60001,223.6067977,0.02702702703
0,1490902456,2092,1262,1,360000,2,8,-1,113,4,151300,200,0.008849557522
1,1491565804,2092,1239.5,3,90000,2,8,5,100,3,60019,173.2050808,0.03
0,1491049001,2092,1256,3,120000,2,8,5,105,5,72015,1,0.02857142857
0,1485196476,2615,1311.5,3,115000,2,15,9,88,5,60014,200,0.03409090909
0,1492376068,2092,1212.5,3,73000,2,8,5,85,3,72001,1,0.03529411765
0,1489282299,3661,1320.5,1,123000,2,11,5,113,4,60091,1,0.008849557522
1,3064832,2092,1389.5,1,186000,2,8,9,110,3,60014,1,0.009090909091
0,1491637778,2092,1259,3,75000,2,8,5,89,5,151000,1,0.03370786517
1,1485798238,2615,,2,126000,2,15,9,83,5,450058,176.0681686,0.02409638554
0,1485432803,2615,1250,1,167000,2,15,-1,90,5,450080,141.4213562,0.01111111111
1,1959994,3661,1214,3,59000,2,11,5,84,3,72001,223.6067977,0.03571428571
0,1491759095,2092,,2,68000,2,8,9,114,4,151300,184.0190208,0.01754385965
1,1488853794,3661,1256,3,96000,2,11,5,102,3,72000,200,0.02941176471
0,1487973782,3661,1320.5,1,145000,2,11,5,100,5,330012,1,0.01
1,1290710,3661,1308.5,3,500000,2,11,9,85,5,60001,387.2983346,0.03529411765
1,1489501931,3661,1272.5,1,50000,1,11,-1,107,3,60085,1,0.009345794393
0,1490585993,2092,1293.5,3,35000,2,8,5,105,5,350071,200,0.02857142857
1,1491586951,2092,1295,1,35000,2,8,5,90,3,151300,1,0.01111111111
0,1484008534,523,1410.5,1,300000,2,4,-1,64,5,340009,1,0.015625
0,1484770568,2615,1316,3,147000,2,15,9,105,5,361029,173.2050808,0.02857142857
0,859979,2615,1301,1,114000,2,15,5,106,3,351106,187.0828693,0.009433962264
0,1484340579,2615,1116.5,3,214000,2,15,9,112,4,60019,200,0.02678571429
0,1486282393,3661,1361,3,77000,1,11,5,103,5,72000,200,0.02912621359
0,1636482,3661,1304,1,111000,2,11,9,113,4,151300,1,0.008849557522
0,1487292626,3661,,2,128000,2,11,9,111,4,151300,206.5187643,0.01801801802
0,1488874941,3661,,2,73000,2,11,9,109,3,151300,189.8051633,0.01834862385
0,690432,2615,1241,3,51000,2,15,5,88,5,151300,1,0.03409090909
0,1490171957,2092,1214,3,51000,2,8,5,104,5,151300,173.2050808,0.02884615385
0,1489349821,3661,1214,3,74000,2,11,5,110,4,60058,204.9390153,0.02727272727
0,1489757550,2092,1305.5,3,91000,2,8,2,95,5,60091,1,0.03157894737
0,1373443,3661,1238,3,66000,2,11,5,79,3,450017,214.4761059,0.03797468354
0,1487745988,3661,,2,78000,2,11,9,84,3,60031,175.6331404,0.02380952381
0,1492824607,3138,1241,1,74000,2,6,-1,105,3,60027,200,0.009523809524
0,1488467583,3661,1281.5,3,99000,2,11,9,114,5,60052,1,0.02631578947
0,1484907096,2615,1299.5,3,273000,2,15,2,108,5,72000,200,0.02777777778
0,1484748679,2615,1263.5,3,126000,2,15,5,113,4,72000,1,0.02654867257
0,1258433,3661,1224.5,3,312000,2,11,9,99,5,60084,1,0.0303030303
0,659639,2615,1244,3,57000,2,15,5,95,5,151300,173.2050808,0.03157894737
0,1484379534,2615,1272.5,3,49000,2,15,-1,86,5,330004,200,0.03488372093
0,1489368371,3661,1272.5,1,66000,2,11,5,105,5,60014,194.0850329,0.009523809524
0,2329881,3661,1253,1,50000,2,11,5,112,4,72049,184.3637708,0.008928571429
0,1490625319,2092,1313,1,135000,2,8,5,75,5,60064,1,0.01333333333
1,1488088421,3661,1299.5,1,135000,2,11,5,87,3,350705,187.0828693,0.01149425287
0,1486753192,3661,1281.5,1,80000,2,12,-1,111,5,60019,235.1148655,0.009009009009
0,3627639,2092,1214,3,68000,2,8,9,110,5,60091,1,0.02727272727
0,1492623896,2092,,2,108000,2,8,-1,108,3,340000,184.7241186,0.01851851852
1,1486743546,3661,1200.5,3,110000,2,11,5,113,4,60034,249.6998198,0.02654867257
0,3021425,2092,,2,35000,2,8,5,101,3,60029,237.301496,0.0198019802
0,1492154581,2092,1299.5,1,157000,2,8,5,113,3,151300,158.113883,0.008849557522
0,1490986302,2092,1304,3,35000,2,8,9,90,5,60047,1,0.03333333333
0,1491560239,2092,1241,3,30000,2,8,9,114,3,151300,1,0.02631578947
0,1484687835,2615,1305.5,3,91000,2,15,5,100,5,450003,173.4358671,0.03
0,2962807,2092,1305.5,1,90000,2,8,5,93,5,60085,200,0.01075268817
0,1488472777,3661,1227.5,3,67000,2,11,5,85,5,151009,1,0.03529411765
0,536467,2615,1298,1,127000,2,15,-1,113,4,151300,1,0.008849557522
1,1489044488,3661,1218.5,1,101000,2,11,3,101,3,350100,273.8612788,0.009900990099
0,1485420931,2615,,2,72000,2,15,5,114,5,350050,168.6979549,0.01754385965
0,1492348614,2092,,2,99000,2,8,5,90,3,60036,188.0664776,0.02222222222
0,1491934949,2092,,2,39000,2,8,5,90,3,60001,153.2677396,0.02222222222
0,1492348985,2092,1223,3,56000,2,8,9,110,3,151009,1,0.02727272727
0,1486924594,3661,1335.5,3,546000,2,11,3,80,5,330008,1,0.0375
0,1484280106,2615,1415,3,169000,2,15,5,81,5,72000,237.1708245,0.03703703704
0,1488961384,3661,1290.5,1,161000,2,11,5,109,3,151300,1,0.009174311927
0,1490117420,2092,1323.5,1,103000,2,8,-1,85,5,350069,204.0171561,0.01176470588
1,1485650580,2615,1241,3,61000,2,15,2,109,4,552104,187.0828693,0.02752293578
0,1485596785,2615,1322,3,71000,2,15,5,114,4,510034,216.374675,0.02631578947
0,1489769422,2092,1277,3,135000,2,8,5,84,5,60091,1,0.03571428571
0,754986,2615,1275.5,3,112000,2,15,5,85,5,340022,158.113883,0.03529411765
0,1491352108,2092,1256,3,141000,2,8,5,84,3,60031,223.6067977,0.03571428571
0,1487359035,3661,1302.5,1,92000,2,11,-1,105,4,591003,167.3320053,0.009523809524
0,1486069439,2615,1311.5,1,215000,2,15,5,110,3,350020,219.089023,0.009090909091
0,3440284,2092,,2,92000,2,8,-1,107,4,350052,158.113883,0.01869158879
0,1486441181,3661,1277,3,50000,2,11,5,103,5,151301,198.0050504,0.02912621359
0,2645602,2092,1313,3,328000,2,8,5,90,5,151300,1,0.03333333333
0,1492212457,2092,1262,3,155000,2,8,5,110,4,72001,248.3022352,0.02727272727
0,1491251196,2092,1179.5,3,56000,2,8,5,99,3,72000,234.520788,0.0303030303
0,1487699613,3661,1263.5,3,148000,2,11,5,90,5,60017,1,0.03333333333
1,1490245044,2092,1274,3,388000,2,8,9,111,5,72000,1,0.02702702703
0,1487169825,3661,1310,3,128000,2,11,9,105,5,60052,223.6067977,0.02857142857
0,1703262,3661,1266.5,1,109000,2,11,3,107,3,330021,1,0.009345794393
0,1485114114,2615,1251.5,3,124000,2,15,9,112,4,60091,200,0.02678571429
0,1490403090,2092,1220,3,140000,2,8,5,109,4,72010,1,0.02752293578
0,1213542,3661,1332.5,3,98000,2,11,5,107,5,60033,262.1278314,0.02803738318
0,187727,2615,1322,3,154000,2,15,5,110,5,72000,204.9390153,0.02727272727
0,1491406645,2092,1266.5,3,87000,2,8,-1,98,5,361029,1,0.0306122449
0,1487300417,3661,1296.5,3,138000,1,11,5,100,5,60027,158.113883,0.03
0,1488989951,3661,1266.5,3,74000,2,11,5,105,4,60054,1,0.02857142857
0,1488777739,3661,1374.5,1,400000,2,12,-1,104,5,60000,492.6601263,0.009615384615
0,1259546,3661,1317.5,3,264000,2,11,5,83,5,72000,1,0.03614457831
1,3248106,2092,1269.5,1,210000,2,8,-1,84,3,330012,1,0.0119047619
0,1487487401,3661,1287.5,1,119000,2,11,5,85,5,60031,187.0828693,0.01176470588
0,2512413,2092,1373,3,369000,2,8,7,108,5,330005,350.5923559,0.02777777778
1,1492603491,2092,1302.5,1,239000,1,8,5,100,3,60043,380.7886553,0.01
0,1488338846,3661,1239.5,3,99000,2,11,5,110,4,60027,1,0.02727272727
0,1488912412,3661,1254.5,3,97000,2,11,5,83,3,60017,282.8427125,0.03614457831
0,1491518687,2092,1223,3,100000,2,8,9,114,4,60000,1,0.02631578947
0,1484979070,2615,1250,3,78000,2,15,5,82,5,350092,176.4256217,0.03658536585
0,371001,2615,1224.5,3,56000,2,15,5,113,4,151307,1,0.02654867257
1,1486742804,3661,1334,3,86000,2,11,5,113,5,510065,168.5140944,0.02654867257
1,660752,2615,1230.5,3,35000,2,15,5,112,5,60057,1,0.02678571429
0,1490982963,2092,1292,1,117000,2,8,5,99,5,60052,200,0.0101010101
0,1607915,3661,1341.5,3,112000,2,11,8,83,5,60090,1,0.03614457831
0,1487964878,3661,1235,3,89000,2,11,5,115,5,60065,1,0.02608695652
0,1491949047,2092,1227.5,3,62000,2,8,5,110,5,60069,1,0.02727272727
0,1486679734,3661,1272.5,3,119000,2,11,5,82,5,60068,202.4845673,0.03658536585
0,1490381943,2092,1283,3,94000,2,8,9,64,5,60017,1,0.046875
0,689319,2615,1311.5,3,134000,2,15,5,113,5,60015,1,0.02654867257
0,1485920668,2615,1304,1,146000,2,15,5,90,3,350008,1,0.01111111111
0,835864,2615,1205,3,61000,2,15,5,76,5,60069,1,0.03947368421
0,1485185346,2615,1266.5,3,82000,2,15,9,114,1,60047,200,0.02631578947
1,2178142,3661,1235,3,101000,2,11,5,112,3,60013,1,0.02678571429
0,1488334023,3661,1302.5,1,110000,2,11,5,108,4,151002,1,0.009259259259
0,1489154675,3661,1259,1,336000,2,11,9,112,4,60036,1,0.008928571429
0,2421147,2092,1223,3,68000,2,8,-1,112,5,340014,187.0828693,0.02678571429
0,1484086815,2615,1289,3,74000,1,15,5,109,5,60088,223.6067977,0.02752293578
0,1491030822,2092,1250,3,120000,2,8,5,91,5,60064,1,0.03296703297
0,1490987786,2092,,2,69000,2,8,-1,112,4,60048,166.0331292,0.01785714286
0,1489590600,2092,1248.5,3,50000,2,8,-1,100,3,332345,387.2983346,0.03
0,1486423744,3661,1235,3,68000,2,11,5,110,5,450017,187.0828693,0.02727272727
0,1487083011,3661,1314.5,3,150000,2,11,10,113,4,60023,187.0828693,0.02654867257
1,1490837531,2092,1305.5,3,59000,2,8,5,113,4,72004,1,0.02654867257
0,3456237,2092,,2,41000,2,8,5,110,3,60036,164.1858703,0.01818181818
0,1489751614,2092,,2,65000,2,8,9,112,5,72001,206.6615591,0.01785714286
0,1486688638,3661,1293.5,3,149000,2,11,9,84,5,151300,202.4845673,0.03571428571
1,115753,2615,1245.5,3,77000,2,15,5,109,5,151300,244.9489743,0.02752293578
0,1487256268,3661,1340,3,341000,2,11,5,112,5,72001,1,0.02678571429
1,2540238,2092,,2,60000,2,8,9,100,5,151300,172.3223723,0.02
1,3089318,2092,1241,3,60000,2,8,5,115,5,60036,1,0.02608695652
0,1394961,3661,1343,1,157000,2,11,-1,103,5,72000,1,0.009708737864
0,1486878590,3661,1290.5,1,99000,2,11,-1,110,5,450062,200,0.009090909091
1,1488447178,3661,1281.5,1,75000,2,11,5,87,5,72049,1,0.01149425287
0,1489430699,3661,1197.5,3,63000,2,11,-1,93,5,72000,1,0.03225806452
0,1485860566,2615,1220,3,64000,2,15,5,114,4,60033,187.0828693,0.02631578947
0,1484093864,2615,1377.5,3,96000,2,15,5,87,5,60044,207.3644135,0.03448275862
0,1490665758,2092,1214,3,62000,2,8,9,114,4,151300,1,0.02631578947
0,1486387015,3661,,2,83000,2,11,9,85,5,72000,1,0.02352941176
0,2253455,3661,1236.5,1,150000,2,11,9,110,4,450000,212.1320344,0.009090909091
0,3406152,2092,1338.5,3,133000,1,8,5,80,3,151009,187.0828693,0.0375
1,1491258245,2092,1304,3,35000,2,8,9,85,5,60069,1,0.03529411765
0,698223,2615,1365.5,3,77000,2,15,5,109,4,60084,1,0.02752293578
0,1491825875,3661,1226,3,90000,2,11,-1,106,5,450089,200,0.02830188679
0,2490153,2092,1244,3,97000,2,8,5,99,5,60091,164.3167673,0.0303030303
0,1491972420,2092,1239.5,1,72000,1,8,5,89,5,60084,173.2050808,0.01123595506
0,1965559,3661,1250,3,102000,2,11,5,100,3,60050,1,0.03
0,83847,2615,1338.5,3,325000,2,15,5,110,5,60033,316.227766,0.02727272727
0,1487156840,3661,1298,1,110000,2,11,-1,101,5,72001,1,0.009900990099
0,1490130034,2092,1245.5,3,87000,2,8,5,112,5,60033,222.1328431,0.02678571429
0,1484571341,2615,1223,3,81000,2,15,9,112,4,60018,1,0.02678571429
0,1489107558,3661,1211,3,66000,2,11,5,101,4,60015,1,0.0297029703
0,2310589,3661,1247,3,66000,2,11,-1,109,5,60041,1,0.02752293578
0,471171,2615,1353.5,3,143000,2,15,5,110,4,60007,1,0.02727272727
0,1484077911,2615,1356.5,3,198000,2,15,5,90,5,71000,173.2050808,0.03333333333
1,1487266656,3661,1205,3,77000,2,11,-1,85,5,151300,273.8612788,0.03529411765
0,1486769887,3661,1299.5,3,500000,2,11,5,112,4,72000,1,0.02678571429
0,1485463596,2615,,2,116000,2,15,5,110,4,510037,214.8441295,0.01818181818
0,1487320080,3661,1290.5,1,108000,1,11,5,95,5,60064,1,0.01052631579
0,1488546235,3661,1377.5,3,78000,1,11,5,100,3,60017,173.2050808,0.03
0,1756686,3661,,2,74000,2,11,9,85,5,60073,1,0.02352941176
0,2472716,2092,,2,45000,2,8,5,85,4,151307,172.1307642,0.02352941176
0,1485631659,2615,,2,82000,2,15,5,106,5,60058,1,0.01886792453
0,1487505580,3661,1326.5,1,141000,2,11,-1,67,5,60007,1,0.01492537313
0,1492854287,2092,,2,111000,2,8,5,110,4,60091,220.8687393,0.01818181818
0,1492283318,2092,1370,1,273000,2,8,9,110,5,60015,1,0.009090909091
0,1488721718,3661,1235,1,75000,2,11,5,91,5,350092,200,0.01098901099